{
    "total_cost": 0.154974,
    "average_cost": 0.0387435,
    "total_recognition_time": 412.17740058898926,
    "average_recognition_time": 103.04435014724731,
    "average_word_level_hallucination_rate": 0.1920409460441106,
    "average_refined_word_level_hallucination_rate": 0.059576726016599434,
    "average_fabricated_hallucination_rate": 0.07607807452744161,
    "average_crossed_out_hallucination_rate": 0.006236263736263736,
    "average_illegibility_hallucination_rate": 0.11054662988207292,
    "question_type_summary": {
        "FITB": {
            "fabricated": 27,
            "crossed": 3,
            "illegible": 49,
            "gt_words": 234,
            "hallu_words": 35,
            "hallucination_rate": 0.14957264957264957,
            "fabricated_rate": 0.11538461538461539,
            "crossed_rate": 0.01282051282051282,
            "illegible_rate": 0.2094017094017094
        },
        "W": {
            "fabricated": 10,
            "crossed": 1,
            "illegible": 11,
            "gt_words": 349,
            "hallu_words": 79,
            "hallucination_rate": 0.22636103151862463,
            "fabricated_rate": 0.02865329512893983,
            "crossed_rate": 0.0028653295128939827,
            "illegible_rate": 0.03151862464183381
        },
        "QA": {
            "fabricated": 21,
            "crossed": 1,
            "illegible": 30,
            "gt_words": 242,
            "hallu_words": 50,
            "hallucination_rate": 0.2066115702479339,
            "fabricated_rate": 0.08677685950413223,
            "crossed_rate": 0.004132231404958678,
            "illegible_rate": 0.12396694214876033
        }
    },
    "refined_question_type_summary": {
        "FITB": {
            "fabricated": 27,
            "crossed": 3,
            "illegible": 49,
            "gt_words": 234,
            "hallu_words": 13,
            "hallucination_rate": 0.05555555555555555,
            "fabricated_rate": 0.11538461538461539,
            "crossed_rate": 0.01282051282051282,
            "illegible_rate": 0.2094017094017094
        },
        "W": {
            "fabricated": 10,
            "crossed": 1,
            "illegible": 11,
            "gt_words": 349,
            "hallu_words": 10,
            "hallucination_rate": 0.02865329512893983,
            "fabricated_rate": 0.02865329512893983,
            "crossed_rate": 0.0028653295128939827,
            "illegible_rate": 0.03151862464183381
        },
        "QA": {
            "fabricated": 21,
            "crossed": 1,
            "illegible": 30,
            "gt_words": 242,
            "hallu_words": 27,
            "hallucination_rate": 0.1115702479338843,
            "fabricated_rate": 0.08677685950413223,
            "crossed_rate": 0.004132231404958678,
            "illegible_rate": 0.12396694214876033
        }
    },
    "results": [
        {
            "pdf_name": "4.pdf",
            "word_level_hallucination_rate": 0.20634920634920634,
            "refined_word_level_hallucination_rate": 0.047619047619047616,
            "fabricated_hallucination_rate": 0.015873015873015872,
            "crossed_out_hallucination_rate": 0.0,
            "illegibility_hallucination_rate": 0.05555555555555555,
            "question_type_metrics": {
                "FITB": {
                    "fabricated": 0,
                    "crossed": 0,
                    "illegible": 0,
                    "gt_words": 59,
                    "hallu_words": 11
                },
                "W": {
                    "fabricated": 2,
                    "crossed": 0,
                    "illegible": 2,
                    "gt_words": 15,
                    "hallu_words": 3
                },
                "QA": {
                    "fabricated": 0,
                    "crossed": 0,
                    "illegible": 5,
                    "gt_words": 52,
                    "hallu_words": 12
                }
            },
            "refined_question_type_metrics": {
                "FITB": {
                    "fabricated": 0,
                    "crossed": 0,
                    "illegible": 0,
                    "gt_words": 59,
                    "hallu_words": 0
                },
                "W": {
                    "fabricated": 2,
                    "crossed": 0,
                    "illegible": 2,
                    "gt_words": 15,
                    "hallu_words": 0
                },
                "QA": {
                    "fabricated": 0,
                    "crossed": 0,
                    "illegible": 5,
                    "gt_words": 52,
                    "hallu_words": 6
                }
            },
            "cost": 0.030012,
            "recognition_time": 90.69888544082642
        },
        {
            "pdf_name": "2.pdf",
            "word_level_hallucination_rate": 0.20192307692307693,
            "refined_word_level_hallucination_rate": 0.10576923076923077,
            "fabricated_hallucination_rate": 0.15384615384615385,
            "crossed_out_hallucination_rate": 0.019230769230769232,
            "illegibility_hallucination_rate": 0.15384615384615385,
            "question_type_metrics": {
                "FITB": {
                    "fabricated": 21,
                    "crossed": 3,
                    "illegible": 21,
                    "gt_words": 51,
                    "hallu_words": 10
                },
                "W": {
                    "fabricated": 2,
                    "crossed": 1,
                    "illegible": 2,
                    "gt_words": 120,
                    "hallu_words": 29
                },
                "QA": {
                    "fabricated": 9,
                    "crossed": 0,
                    "illegible": 9,
                    "gt_words": 37,
                    "hallu_words": 3
                }
            },
            "refined_question_type_metrics": {
                "FITB": {
                    "fabricated": 21,
                    "crossed": 3,
                    "illegible": 21,
                    "gt_words": 51,
                    "hallu_words": 5
                },
                "W": {
                    "fabricated": 2,
                    "crossed": 1,
                    "illegible": 2,
                    "gt_words": 120,
                    "hallu_words": 6
                },
                "QA": {
                    "fabricated": 9,
                    "crossed": 0,
                    "illegible": 9,
                    "gt_words": 37,
                    "hallu_words": 11
                }
            },
            "cost": 0.044881000000000004,
            "recognition_time": 110.75546669960022
        },
        {
            "pdf_name": "1.pdf",
            "word_level_hallucination_rate": 0.12571428571428572,
            "refined_word_level_hallucination_rate": 0.03428571428571429,
            "fabricated_hallucination_rate": 0.13142857142857142,
            "crossed_out_hallucination_rate": 0.005714285714285714,
            "illegibility_hallucination_rate": 0.16,
            "question_type_metrics": {
                "FITB": {
                    "fabricated": 6,
                    "crossed": 0,
                    "illegible": 7,
                    "gt_words": 48,
                    "hallu_words": 9
                },
                "W": {
                    "fabricated": 5,
                    "crossed": 0,
                    "illegible": 6,
                    "gt_words": 64,
                    "hallu_words": 3
                },
                "QA": {
                    "fabricated": 12,
                    "crossed": 1,
                    "illegible": 15,
                    "gt_words": 63,
                    "hallu_words": 10
                }
            },
            "refined_question_type_metrics": {
                "FITB": {
                    "fabricated": 6,
                    "crossed": 0,